{
  "assetsByChunkName": {
    "vendors~app-account~app-checkout~app-confirmation~app-order": "chunk.026fadaf0b7e19e77f75.js",
    "vendors~app-account~app-confirmation~app-order": "chunk.3c1f1e91dfe6e240f6a3.js",
    "vendors~app-account~app-checkout": "chunk.6ece6653ce34f1a9cbaf.js",
    "admin": [
      "admin.3c464a007ab6aa8448a5.js",
      "admin.3c464a007ab6aa8448a5.js.map"
    ],
    "app-account": "chunk.07802f52c2513b0b17e9.js",
    "app-confirmation": "chunk.78a18d22d50ddca19e5a.js",
    "app-order": "chunk.c4ced903a262dd3abe8e.js",
    "checkout": [
      "checkout.e5307f52cc907f20c64c.js",
      "checkout.e5307f52cc907f20c64c.js.map"
    ],
    "storefront": [
      "storefront.7a7eba5c7bf5318f034c.css",
      "storefront.2280e1c7989efb866219.js",
      "storefront.7a7eba5c7bf5318f034c.css.map",
      "storefront.2280e1c7989efb866219.js.map"
    ],
    "vendors~app-cart": "chunk.c5891bab5f187d60a825.js",
    "vendors~app-checkout": "chunk.b15c6e20d188cb68721c.js"
  }
}